{
  "required": true,
  "package": "org.bleachhack.mixin",
  "compatibilityLevel": "JAVA_16",
  "client": [
    "AccessorChatScreen",
    "AccessorFrustum",
    "AccessorHeldItemRenderer",
    "AccessorMinecraftClient",
    "AccessorScreen",
    "AccessorWorldRenderer",
    "MixinBackgroundRenderer",
    "MixinAbstractBlock",
    "MixinAbstractBlockState",
    "MixinBeaconScreen",
    "MixinBiomeColors",
    "MixinBlock",
    "MixinBlockCollisionSpliterator",
    "MixinBlockEntityRenderDispatcher",
    "MixinBossBarHud",
    "MixinBufferBuilder",
    "MixinCamera",
    "MixinChatScreen",
    "MixinChunkRebuildTask",
    "MixinChunkSkylightProvider",
    "MixinClientBrandRetriever",
    "MixinClientConnection",
    "MixinClientPlayerEntity",
    "MixinClientPlayerInteractionManager",
    "MixinClientWorld",
    "MixinDimensionEffects",
    "MixinEntity",
    "MixinEntityRenderDispatcher",
    "MixinEntityRenderer",
    "MixinFlowableFluid",
    "MixinGameRenderer",
    "MixinInGameHud",
    "MixinInGameOverlayRenderer",
    "MixinJsonEffectGlShader",
    "MixinKeyboard",
    "MixinLivingEntity",
    "MixinLlamaPigStriderEntity",
    "MixinMapRenderer",
    "MixinMinecraftClient",
    "MixinOptionsScreen",
    "MixinPacketByteBuf",
    "MixinPacketInflater",
    "MixinParticleManager",
    "MixinPlayerEntity",
    "MixinPlayerListHud",
    "MixinRenderLayers",
    "MixinRenderTickCounter",
    "MixinScreen",
    "MixinServerScreen",
    "MixinShader",
    "MixinSharedConstants",
    "MixinSoundSystem",
    "MixinTitleScreen",
    "MixinWorldRenderer"
  ],
  "mixinPriority" : 899,
  "injectors": {
    "defaultRequire": 1
  }
}
